11523,22024,"LEGO City Police Station 60246 Police Toy, Fun Building Set for Kids, New 2020 (743 Pieces)",0,No Bidder,None,None
11523,22022,"iTouchless 13 Gallon Touchless Sensor Trash Can with AbsorbX Odor Control System, Stainless Steel, Extra-Wide Lid Opening Kitchen Garbage Bin, Silver",0,No Bidder,None,None
11523,22010,"Waste King L-111 Garbage Disposal with Power Cord, 1/3 HP",0,No Bidder,None,None
11523,22011,AmazonCommercial 6 Qt. Stainless Steel Aluminum-Clad Straight Sided Sauce Pan with Cover,0,No Bidder,None,None
11523,22009,"Intex Dinoland Inflatable Play Center, 119in X 90in X 44in, for Ages 2+",0,No Bidder,None,None
11523,22021,"AIIYME Dog Dryer, 4.3HP/3200W Motor Stepless Adjustable Speed Dog Hair Dryer Pet Dog Grooming Dryer Blower with Adjustable Temperature (35Ã‚Â°C-70Ã‚Â°C), Professional High Velocity Air Forced Dryer for Dogs",0,No Bidder,None,None
11523,22008,"iTouchless 13 Gallon Automatic Trash Can with Odor-Absorbing Filter and Lid Lock, Power by Batteries (not included) or Optional AC Adapter (sold separately), Black/Stainless Steel",0,No Bidder,None,None
11523,22006,"Kenney KN90001 Weaver Outdoor Window Curtain Rod, 72-144"", Black",0,No Bidder,None,None
11523,22005,"Kenney KN90001 Weaver Outdoor Window Curtain Rod, 72-144"", Black",0,No Bidder,None,None
11523,22004,KIDCO K100 KIDCO GATE INSTALLATION KIT FOR ANY BRAND GATES,0,No Bidder,None,None
11523,22003,KIDCO K100 KIDCO GATE INSTALLATION KIT FOR ANY BRAND GATES,0,No Bidder,None,None
11523,22002,"Zenna Home 36602SS Never Rust Aluminum Double Tension Shower Curtain Rod, 44 to 72-Inch, Chrome",0,No Bidder,None,None
11523,22001,"Zenna Home 36602SS Never Rust Aluminum Double Tension Shower Curtain Rod, 44 to 72-Inch, Chrome",0,No Bidder,None,None
11523,6286,"Tumaz Wobble Cushion - Wiggle Seat to Improve Sitting Posture & Attention Also Stability Balance Disc to Physical Therapy, Relief Back Pain & Core Strength for All Ages [Extra Thick, Pump Included]",0,No Bidder,None,None
11523,6285,Honeywell HYF290B Quietset 8-Speed Whole-Room Tower Fan With Remote Control & Oscillating Motion,0,No Bidder,None,None
11523,6284,"Baby Doll Bedding Pique Moses Basket, Pink",0,No Bidder,None,None
11523,6283,"Ettore, 1-(Pack), 31028 Professional Cobweb Duster with Pole",0,No Bidder,None,None
11523,6282,"Cozy Moroccan Trellis Gray/Cream 5ft3"" x 7ft3"" Indoor Shag Area Rug",0,No Bidder,None,None
11523,6281,Regalo Easy Fit Plastic Adjustable Extra Wide Baby Gate,0,No Bidder,None,None
11523,6280,"JONATHAN Y Malta Bohemian Medallion Textured Weave Indoor/Outdoor Red/Taupe 3 ft. x 5 ft. Area Rug, Coastal,EasyCleaning,HighTraffic,LivingRoom,Backyard, Non Shedding",0,No Bidder,None,None
11523,6279,"Dream On Me, Mesh Security Rail, Blue, 15 Inch",0,No Bidder,None,None
11523,6278,"Dream On Me, Mesh Security Rail, Blue, 15 Inch",0,No Bidder,None,None
11523,6288,"Genie GEN39026R Garage Door Opener Extension Kit for 5-Piece Belt-Drive Tube Rails, one size, Metallic",0,No Bidder,None,None
11523,6289,"Genie GEN39026R Garage Door Opener Extension Kit for 5-Piece Belt-Drive Tube Rails, one size, Metallic",0,No Bidder,None,None
11523,6290,"Moen CSR2172BN 5-Foot Adjustable Tension Single Curved Shower Curtain Rod, Brushed Nickel",0,No Bidder,None,None
11523,6291,"Moen CSR2172BN 5-Foot Adjustable Tension Single Curved Shower Curtain Rod, Brushed Nickel",0,No Bidder,None,None
11523,6295,"Loloi II Teagan Area Rug, 2ft-8"" x 4ft, Ivory/Sand",0,No Bidder,None,None
11523,6293,"Maples Rugs Southwestern Stone Distressed Abstract Kitchen Rugs Non Skid Accent Area Floor Mat [Made in USA], 2ft6 x 3ft10, Multi",0,No Bidder,None,None
11523,6294,"Redi Shade Original Light Filtering Pleated Paper Shade, 36 in x 72 in, 6-pack, White",0,No Bidder,None,None
11523,6292,"Redi Shade Original Light Filtering Pleated Paper Shade, 36 in x 72 in, 6-pack, White",0,No Bidder,None,None
11523,tsBAXT409774,"Blissun 9ft Outdoor Market Patio Umbrella with Push Button Tilt and Crank, 8 Ribs (Tan)",0,No Bidder,None,None
11523,6297,"Sport-Brella Premiere XL UPF 50+ Umbrella Shelter for Sun and Rain Protection (9-Foot, Blue)",0,No Bidder,None,None
11523,6300,"Radiance 2208860E Cordless Roman Shade, 35Ã¢Â€Âœ x 64Ã¢Â€Â, Driftwood",0,No Bidder,None,None
11523,6298,"Cordless Gii Luna 2"" Vinyl Venetian Blind 36x64",0,No Bidder,None,None
14908,10938,tinsel tree,0,No Bidder,None,None
14908,10952,one click one bottom Noise free design slowly covers toilet seats what is holistic home decor to for the toilet seat,0,No Bidder,None,None
14908,10986,premium disc brakes passenger side 2-piece set,0,No Bidder,None,None
14908,26628,Baby Trend Secure 35 Infant Car Seat Base,0,No Bidder,None,None
14908,26632,Jayen & Madge 4 Piece Set,0,No Bidder,None,None
14908,26643,XtremepowerUS Premium Automatic Suction Vacuum-generic Climb Wall Pool Cleaner Sweeper In-Ground Suction Side + Hose Set,0,No Bidder,None,None
14908,26650,"GenSol COOP Bullnose Carpet Stair Runners for Wooden Steps Non Slip Stair Treads Indoor Use Self Adhesive Pet and Kid Friendly Carpet for Stairs 9.5""x26""x1.2"" (2, Grey)",0,No Bidder,None,None
14908,26654,"Woodlink NABAF18 Audubon Wrap Around Squirrel Baffle, 18-Inch - Black&nbsp;",0,No Bidder,None,None
14908,26702,"WAC Lighting JT8-WT 120V 8 Foot J Track with Mounting Hardware and Two End Caps, Single Circuit, White",0,No Bidder,None,None
14908,26735,"GE Premium 24 Inch (61 Cm) Fluorescent Under Cabinet Light Fixture, Direct Wire, Warm White, Steel Housing, On/Off Switch, No Hum, Flicker Free, Ideal for Kitchen, Office, Garage, Workbench and More, 16029",0,No Bidder,None,None
14908,26742,Recreation Fitness Trampolines For Outdoor/Indoor,0,No Bidder,None,None
14908,26756,"MidWest Double Door iCrate Metal Dog Crate, 24""",0,No Bidder,None,None
14908,26758,Office Mattfts,0,No Bidder,None,None
14908,27951,pooboo recumbent Exercise seat cushion (BLACK),0,No Bidder,None,None
14908,27973,"4"" ultra slim downlight led",0,No Bidder,None,None
14908,27979,industrial lighting,0,No Bidder,None,None
14908,28246,"Smead, SMD64872, Hanging Folder Frames, 2 / Pack, Gray",0,No Bidder,None,None
14908,28250,solutions with style,0,No Bidder,None,None
14908,28260,Christmas poster,0,No Bidder,None,None
14908,28270,"Pilot Automotive WH553-16S-BS Black/Silver 16 Inch 16"" Spyder Performance Wheel Cover | Pack of 4 | Fits Toyota Volkswagen VW Chevy Chevrolet Honda Mazda Dodge Ford and Others",0,No Bidder,None,None
14908,28272,gold Light Fixture,0,No Bidder,None,None
14908,28300,Dorman 924-509 Spare Tire Hoist Compatible with Select Models,0,No Bidder,None,None
14908,28302,glass coffee Table 1pc,0,No Bidder,None,None
14908,28319,General Electric WB30T10132 Radiant Surface Element,0,No Bidder,None,None
14908,29976,foldable storage containers,0,No Bidder,None,None
14908,30918,"SmartSign 25 x 12 inch Do Not Enter - Restroom Closed For Cleaning Two-Sided Folding Floor Sign, Digitally Printed Polypropylene Plastic, Red, Black and Yellow",0,No Bidder,None,None
14908,30922,SCITOO CV Joint Half Axle Drive Shaft Assembly fit for 2010-2018 for Polaris Ranger Crew 400 500 800 EV Midsize LIION Rear Left Right 1332692,0,No Bidder,None,None
14908,30928,a premium power window,0,No Bidder,None,None
14908,30934,kids school bus toy,0,No Bidder,None,None
14908,30935,pull up bar,0,No Bidder,None,None
14908,30943,"Carter 24"" Counter Stool",0,No Bidder,None,None
14908,30945,multifunctional detachable car coat hanger,0,No Bidder,None,None
14908,30948,"L84WORK Biden 2020 Biden Yard Sign 24"" x 18"" Corrugated Plastic Joe Biden Harris 2020 Yard Sign with Stakes H-Frame Ground Stake Sign Holder (Blue)",0,No Bidder,None,None
14908,30949,small round sun mirror,0,No Bidder,None,None
14908,30956,livery diapers 4 packs,0,No Bidder,None,None
14908,30958,"Bosch Rear Wiper Blade H409 /3397011431 Original Equipment Replacement- 16"" (Pack of 1)",0,No Bidder,None,None
14908,34718,"Table Lamp Set Of 2 Lighting Deco & Beyond , GW:4.2 Kgs",0,No Bidder,None,None
14908,34728,SnapeZo Poster Frame A2 Size (wall mounting Sleek Series-New,0,No Bidder,None,None
14908,34741,Gtongokoo Dog Car Barrier GT- WL PET -1 PACKAGE QUANITY: Material Steel,0,No Bidder,None,None
14908,34770,"Bemis 1200SLOWT 655 Slow Sta-Tite Elongated Closed Front Toilet Seat, Teal",0,No Bidder,None,None
14908,34771,Elongated Enameles wood toilet seat,0,No Bidder,None,None
14908,34786,pet potty toilet LG Size 35 In by 22 2=3 inch,0,No Bidder,None,None
14908,34798,Mirror installation,0,No Bidder,None,None
14908,34820,PandaSpa by Karlash Ultra Premium Spa Disposable Blue Liners One Size Fits most Pedicure Spa 500pcs,0,No Bidder,None,None
14908,34825,air mattress,0,No Bidder,None,None
14908,34847,"Cat Litter Box, Domed White and Pink",0,No Bidder,None,None
14908,41021,window regulator,0,No Bidder,None,None
14908,41022,home party decorations,0,No Bidder,None,None
14908,41028,cove and shelter,0,No Bidder,None,None
14908,41038,miscellaneous items,0,No Bidder,None,None
14908,41040,"Method Gel Hand Soap Refill, Sweet Water, 34 Ounce",0,No Bidder,None,None
